{
  "ACC": "Accra",
  "ALG": "Algiers",
  "AAE": "Annaba",
  "TNR": "Antananarivo",
  "CPT": "Cape Town",
  "DKR": "Dakar",
  "DAR": "Dar Es Salaam",
  "JIB": "Djibouti City",
  "DUR": "Durban",
  "GBE": "Gaborone",
  "HRE": "Harare",
  "JNB": "Johannesburg",
  "KGL": "Kigali",
  "LOS": "Lagos",
  "LAD": "Luanda",
  "MPM": "Maputo",
  "MBA": "Mombasa",
  "NBO": "Nairobi",
  "ORN": "Oran",
  "OUA": "Ouagadougou",
  "MRU": "Port Louis",
  "TUN": "Tunis",
  "FIH": "Kinshasa",
  "CAI": "Cairo",
  "WDH": "Windhoek",
  "ASK": "Yamoussoukro",
  "ABJ": "Abidjan",
  "EBB": "Kampala",
  "RUN": "Saint-Denis",
  "LUN": "Lusaka",
  "ADD": "Addis Ababa",
  "LLW": "Lilongwe",
  "CZL": "Constantine",
  "AMD": "Ahmedabad",
  "ALA": "Almaty",
  "BLR": "Bangalore",
  "BKK": "Bangkok",
  "BWN": "Bandar Seri Begawan",
  "CEB": "Cebu",
  "IXC": "Chandigarh",
  "CGD": "Changde",
  "MAA": "Chennai",
  "CGP": "Chittagong",
  "CMB": "Colombo",
  "DAC": "Dhaka",
  "FUO": "Foshan",
  "FUK": "Fukuoka",
  "FOC": "Fuzhou",
  "CAN": "Guangzhou",
  "HAK": "Haikou",
  "HAN": "Hanoi",
  "SJW": "Hengshui",
  "SGN": "Ho Chi Minh City",
  "HKG": "Hong Kong",
  "HYD": "Hyderabad",
  "ISB": "Islamabad",
  "CGK": "Jakarta",
  "TNA": "Jinan",
  "JHB": "Johor Bahru",
  "KNU": "Kanpur",
  "KHH": "Kaohsiung City",
  "KHI": "Karachi",
  "KTM": "Kathmandu",
  "CCU": "Kolkata",
  "KJA": "Krasnoyarsk",
  "KUL": "Kuala Lumpur",
  "PKX": "Langfang",
  "MFM": "Macau",
  "MLE": "Malé",
  "MNL": "Manila",
  "BOM": "Mumbai",
  "NAG": "Nagpur",
  "OKA": "Naha",
  "DEL": "New Delhi",
  "KIX": "Osaka",
  "PAT": "Patna",
  "PNH": "Phnom Penh",
  "TAO": "Qingdao",
  "ICN": "Seoul",
  "SHA": "Shanghai",
  "SIN": "Singapore",
  "URT": "Surat Thani",
  "TPE": "Taipei",
  "NRT": "Tokyo",
  "ULN": "Ulaanbaatar",
  "VTE": "Vientiane",
  "XHN": "Xinyu",
  "EVN": "Yerevan",
  "JOG": "Yogyakarta",
  "COK": "Kochi",
  "DPS": "Denpasar",
  "CNN": "Kannur",
  "SZX": "Shenzhen",
  "KWE": "Guiyang",
  "HGH": "Shaoxing",
  "CZX": "Changzhou",
  "KMG": "Kunming",
  "CNX": "Chiang Mai",
  "CGO": "Zhengzhou",
  "TYN": "Yangquan",
  "CSX": "Changsha",
  "DLC": "Dalian",
  "BHY": "Beihai",
  "CKG": "Chongqing",
  "XFN": "Xiangyang",
  "DAD": "Da Nang",
  "JXG": "Jiaxing",
  "CRK": "Tarlac City",
  "PBH": "Thimphu",
  "XIY": "Baoji",
  "NQZ": "Astana",
  "NNG": "Nanning",
  "TEN": "Tongren",
  "HYN": "Taizhou",
  "XNN": "Xining",
  "FRU": "Bishkek",
  "MLG": "Malang",
  "LHE": "Lahore",
  "CTU": "Chengdu",
  "AGR": "Agra",
  "CJB": "Coimbatore",
  "AMS": "Amsterdam",
  "ATH": "Athens",
  "BCN": "Barcelona",
  "BEG": "Belgrade",
  "TXL": "Berlin",
  "BTS": "Bratislava",
  "BRU": "Brussels",
  "OTP": "Bucharest",
  "BUD": "Budapest",
  "KIV": "Chișinău",
  "CPH": "Copenhagen",
  "DUB": "Dublin",
  "DUS": "Düsseldorf",
  "FRA": "Frankfurt",
  "GVA": "Geneva",
  "GOT": "Gothenburg",
  "HAM": "Hamburg",
  "HEL": "Helsinki",
  "IST": "Istanbul",
  "ADB": "Izmir",
  "KBP": "Kyiv",
  "LIS": "Lisbon",
  "LHR": "London",
  "LUX": "Luxembourg City",
  "MAD": "Madrid",
  "MAN": "Manchester",
  "MRS": "Marseille",
  "MXP": "Milan",
  "MSQ": "Minsk",
  "DME": "Moscow",
  "MUC": "Munich",
  "LCA": "Nicosia",
  "OSL": "Oslo",
  "PMO": "Palermo",
  "CDG": "Paris",
  "PRG": "Prague",
  "KEF": "Reykjavík",
  "RIX": "Riga",
  "FCO": "Rome",
  "LED": "Saint Petersburg",
  "SOF": "Sofia",
  "ARN": "Stockholm",
  "STR": "Stuttgart",
  "TLL": "Tallinn",
  "TBS": "Tbilisi",
  "SKG": "Thessaloniki",
  "TIA": "Tirana",
  "VIE": "Vienna",
  "VNO": "Vilnius",
  "WAW": "Warsaw",
  "ZAG": "Zagreb",
  "LYS": "Lyon",
  "BOD": "Bordeaux",
  "SKP": "Skopje",
  "MLA": "Santa Venera",
  "QWJ": "Americana",
  "ARI": "Arica",
  "ASU": "Asunción",
  "BEL": "Belém",
  "CNF": "Belo Horizonte",
  "BNU": "Blumenau",
  "BOG": "Bogotá",
  "BSB": "Brasilia",
  "EZE": "Buenos Aires",
  "CFC": "Caçador",
  "VCP": "Campinas",
  "COR": "Córdoba",
  "CWB": "Curitiba",
  "FLN": "Florianopolis",
  "FOR": "Fortaleza",
  "GYN": "Goiânia",
  "GUA": "Guatemala City",
  "GYE": "Guayaquil",
  "JOI": "Joinville",
  "JDO": "Juazeiro do Norte",
  "LIM": "Lima",
  "MAO": "Manaus",
  "MDE": "Medellín",
  "NQN": "Neuquén",
  "PTY": "Panama City",
  "PBM": "Paramaribo",
  "POA": "Porto Alegre",
  "UIO": "Quito",
  "REC": "Recife",
  "RAO": "Ribeirao Preto",
  "GIG": "Rio de Janeiro",
  "SJO": "San José",
  "SCL": "Santiago",
  "SDQ": "Santo Domingo",
  "SJP": "São José do Rio Preto",
  "SJK": "São José dos Campos",
  "GRU": "São Paulo",
  "SOD": "Sorocaba",
  "TGU": "Tegucigalpa",
  "NVT": "Timbó",
  "UDI": "Uberlândia",
  "VIX": "Vitoria",
  "CAW": "Campos dos Goytacazes",
  "XAP": "Chapeco",
  "BGI": "Bridgetown",
  "GND": "St. George's",
  "STI": "Santiago de los Caballeros",
  "LPB": "La Paz",
  "SJU": "San Juan",
  "BAQ": "Barranquilla",
  "PMW": "Palmas",
  "ARU": "Aracatuba",
  "POS": "Port of Spain",
  "SSA": "Salvador",
  "CLO": "Cali",
  "SAP": "San Pedro Sula",
  "CCP": "Concepción",
  "AMM": "Amman",
  "LLK": "Astara",
  "BGW": "Baghdad",
  "GYD": "Baku",
  "BSR": "Basra",
  "BEY": "Beirut",
  "DMM": "Dammam",
  "DOH": "Doha",
  "DXB": "Dubai",
  "EBL": "Erbil",
  "HFA": "Haifa",
  "JED": "Jeddah",
  "KWI": "Kuwait City",
  "BAH": "Manama",
  "MCT": "Muscat",
  "NJF": "Najaf",
  "XNH": "Nasiriyah",
  "ZDM": "Ramallah",
  "RUH": "Riyadh",
  "ISU": "Sulaymaniyah",
  "TLV": "Tel Aviv",
  "IAD": "Ashburn",
  "ATL": "Atlanta",
  "BOS": "Boston",
  "BUF": "Buffalo",
  "YYC": "Calgary",
  "CLT": "Charlotte",
  "ORD": "Chicago",
  "CMH": "Columbus",
  "DFW": "Dallas",
  "DEN": "Denver",
  "DTW": "Detroit",
  "HNL": "Honolulu",
  "IAH": "Houston",
  "IND": "Indianapolis",
  "JAX": "Jacksonville",
  "MCI": "Kansas City",
  "LAS": "Las Vegas",
  "LAX": "Los Angeles",
  "MEM": "Memphis",
  "MEX": "Mexico City",
  "MIA": "Miami",
  "MSP": "Minneapolis",
  "YUL": "Montréal",
  "BNA": "Nashville",
  "EWR": "Newark",
  "ORF": "Norfolk",
  "OMA": "Omaha",
  "YOW": "Ottawa",
  "PHL": "Philadelphia",
  "PHX": "Phoenix",
  "PIT": "Pittsburgh",
  "PDX": "Portland",
  "QRO": "Queretaro",
  "RIC": "Richmond",
  "SMF": "Sacramento",
  "SLC": "Salt Lake City",
  "SAN": "San Diego",
  "SJC": "San Jose",
  "YXE": "Saskatoon",
  "SEA": "Seattle",
  "FSD": "Sioux Falls",
  "STL": "St. Louis",
  "TLH": "Tallahassee",
  "YYZ": "Toronto",
  "YVR": "Vancouver",
  "YWG": "Winnipeg",
  "SFO": "San Francisco",
  "KIN": "Kingston",
  "BGR": "Bangor",
  "AUS": "Austin",
  "ABQ": "Albuquerque",
  "GDL": "Guadalajara",
  "SAT": "San Antonio",
  "CLE": "Cleveland",
  "RDU": "Durham",
  "OKC": "Oklahoma City",
  "TPA": "Tampa",
  "ANC": "Anchorage",
  "YHZ": "Halifax",
  "ADL": "Adelaide",
  "AKL": "Auckland",
  "BNE": "Brisbane",
  "CBR": "Canberra",
  "CHC": "Christchurch",
  "GUM": "Hagatna",
  "MEL": "Melbourne",
  "PER": "Perth",
  "SYD": "Sydney",
  "PPT": "Tahiti",
  "SUV": "Suva",
  "HBA": "Hobart"
}

